{"count":1,"self":228.5252352,"total":3831.8273058,"children":{"InitializeActuators":{"count":1,"self":0.0019982999999999997,"total":0.0019982999999999997,"children":null},"InitializeSensors":{"count":1,"self":0.001999,"total":0.001999,"children":null},"AgentSendState":{"count":500017,"self":8.1935536,"total":29.394090799999997,"children":{"CollectObservations":{"count":500017,"self":5.8577996,"total":5.8577996,"children":null},"WriteActionMask":{"count":500017,"self":1.3801265999999999,"total":1.3801265999999999,"children":null},"RequestDecision":{"count":500017,"self":4.3418383999999994,"total":13.9626109,"children":{"AgentInfo.ToProto":{"count":500017,"self":3.5187171999999998,"total":9.6207722999999987,"children":{"GenerateSensorData":{"count":500017,"self":6.1020552,"total":6.102055,"children":null}}}}}}},"DecideAction":{"count":500017,"self":3199.1699455999997,"total":3199.1699980999997,"children":null},"AgentAct":{"count":500017,"self":361.4994944,"total":374.7329952,"children":{"AgentInfo.ToProto":{"count":500017,"self":5.741172,"total":13.2334991,"children":{"GenerateSensorData":{"count":500017,"self":7.4923272,"total":7.4923268999999992,"children":null}}}}}},"gauges":{"RobotIK.CumulativeReward":{"count":500017,"max":99.11086,"min":-6928.60547,"runningAverage":7.355012,"value":35.20036,"weightedAverage":-45.05156}},"metadata":{"timer_format_version":"0.1.0","start_time_seconds":"1665353746","unity_version":"2021.3.11f1","command_line_arguments":"C:\\Program Files\\Unity\\Hub\\Editor\\2021.3.11f1\\Editor\\Unity.exe -projectpath C:\\Users\\User\\Documents\\Code\\Rapid-Sim -useHub -hubIPC -cloudEnvironment production -licensingIpc LicenseClient-User -hubSessionId b163fd80-47e0-11ed-aeac-a1bb753202f5 -accessToken KiWQdlNpRPz7B8krzQuYmXJWbAZ6SIxl3GXrwGWofq8003f","communication_protocol_version":"1.5.0","com.unity.ml-agents_version":"2.0.1","scene_name":"Main","end_time_seconds":"1665357578"}}